{
  "indexes": [
    {
      "collectionGroup": "content",
      "queryScope": "COLLECTION",
      "fields": [
        {
          "fieldPath": "brand",
          "order": "ASCENDING"
        },
        {
          "fieldPath": "createdAt",
          "order": "DESCENDING"
        }
      ]
    },
    {
      "collectionGroup": "content",
      "queryScope": "COLLECTION",
      "fields": [
        {
          "fieldPath": "status",
          "order": "ASCENDING"
        },
        {
          "fieldPath": "publishAt",
          "order": "ASCENDING"
        }
      ]
    },
    {
      "collectionGroup": "content",
      "queryScope": "COLLECTION",
      "fields": [
        {
          "fieldPath": "brand",
          "order": "ASCENDING"
        },
        {
          "fieldPath": "status",
          "order": "ASCENDING"
        },
        {
          "fieldPath": "createdAt",
          "order": "DESCENDING"
        }
      ]
    },
    {
      "collectionGroup": "notifications",
      "queryScope": "COLLECTION",
      "fields": [
        {
          "fieldPath": "read",
          "order": "ASCENDING"
        },
        {
          "fieldPath": "createdAt",
          "order": "DESCENDING"
        }
      ]
    },
    {
      "collectionGroup": "workflows",
      "queryScope": "COLLECTION",
      "fields": [
        {
          "fieldPath": "status",
          "order": "ASCENDING"
        },
        {
          "fieldPath": "lastRun",
          "order": "DESCENDING"
        }
      ]
    }
  ],
  "fieldOverrides": []
}

